duration,bytes_sent,bytes_received,protocol,src_port,dst_port,packet_count,service,flag,label
14,348,209,1,15845,34715,3,4,0,0
90,611,0,1,4286,3000,16,0,0,0
39,2482,66,1,2469,443,14,0,1,1
27,601,112,1,56439,34715,9,0,0,0
5,94,0,1,58587,5899,2,1,0,0
5,360,0,1,17460,3000,3,4,0,0
1,184,71,1,10973,64951,2,3,1,0
60,16,67,1,55746,55502,11,1,0,0
27,393,282,2,24987,3000,10,0,0,0
36,526,233,1,51842,64038,3,5,0,0
0,1099,16,1,30956,57420,1,1,0,1
105,258,84,1,7925,80,24,1,0,1
53,191,133,1,52961,22,12,0,0,0
7,0,126,1,34511,45974,6,4,0,0
6,23,107,1,9621,45974,1,3,0,0
6,397,0,2,65119,62874,1,0,0,0
10,493,198,1,65532,55502,4,0,0,0
22,1735,0,1,64933,56758,6,3,1,1
16,231,0,1,7879,21714,5,3,0,0
10,2463,0,1,19702,51978,1,0,1,1
28,115,4,1,9287,5000,10,5,1,1
4,1225,186,1,64317,34715,1,0,0,1
10,2299,16,0,48312,5000,4,1,0,1
13,73,99,1,60421,53,7,5,0,0
18,796,130,1,26829,11929,7,1,0,0
46,40,144,0,27167,54408,13,2,0,0
6,0,216,1,12898,47145,1,1,0,0
21,0,0,2,28553,3000,8,0,0,0
26,565,374,1,21890,64951,4,5,0,0
1,0,0,0,15103,54408,1,1,0,0
28,2311,0,1,50874,34715,7,5,1,1
5,15,0,0,8267,5899,2,0,0,1
2,185,128,2,30896,13278,1,0,0,0
89,707,227,1,10042,8080,24,0,0,0
101,9,276,2,56094,64951,16,3,0,0
49,30,313,1,50524,13278,14,1,0,0
10,48,34,1,55550,51978,2,5,1,0
3,0,26,1,13124,20207,1,1,0,0
34,366,318,1,58045,11929,6,5,0,0
17,3131,133,1,50483,14355,2,0,1,1
3,32,33,1,20824,11929,1,5,0,1
20,469,246,1,63614,56758,3,4,0,0
1,292,39,0,64424,56758,5,4,0,0
72,92,199,0,27934,11929,13,4,0,0
8,90,0,1,30461,55502,3,4,0,0
32,346,103,1,38612,56758,7,2,0,0
11,117,84,1,12025,53,4,0,0,0
22,800,267,1,47699,34715,3,0,0,0
23,99,339,1,20966,64038,4,5,0,0
6,5,405,1,21886,5000,4,2,0,0
104,208,346,1,12693,64951,29,4,0,0
44,282,113,2,56707,47145,10,1,0,0
84,324,215,1,54796,34715,19,0,0,0
67,3932,119,1,16940,56758,12,0,0,1
27,454,218,1,11902,34090,4,3,0,0
76,154,105,1,4009,29645,20,1,1,1
2,221,20,1,33393,14355,1,0,0,0
6,238,347,1,9136,29645,1,1,0,0
1,0,124,1,42259,40370,3,0,0,0
11,266,173,1,19955,34715,4,1,0,0
14,145,203,2,28364,21714,7,0,0,0
9,201,110,0,1360,11929,5,4,0,0
52,295,224,1,43957,47145,5,0,0,0
13,443,218,1,20387,11929,6,1,0,0
9,127,336,1,46560,56758,3,0,0,0
23,252,352,1,4992,5899,8,0,0,0
4,17,146,1,34702,80,1,1,0,0
48,404,0,1,52172,53,8,1,0,0
2,20,93,1,49424,64951,1,2,0,0
130,0,216,1,17303,64951,25,0,0,0
44,149,254,1,4153,22,10,3,0,0
6,499,12,2,39239,64038,2,5,0,0
0,26,257,0,39921,22,1,4,0,0
50,42,269,0,6874,20207,10,0,0,0
36,412,122,1,21612,64951,13,1,0,0
39,227,165,0,41238,55502,9,0,1,0
44,437,140,1,12973,14355,9,0,0,0
2,94,9,0,9543,21714,2,5,0,0
13,344,424,1,27399,64951,5,0,0,0
3,45,0,0,34106,51978,1,1,0,0
59,228,409,1,12761,11929,10,2,0,0
29,94,181,0,2158,5899,1,3,0,0
12,325,89,0,11962,3000,3,1,0,0
1,0,201,1,55052,57420,1,0,0,0
11,553,203,1,25510,62874,1,0,1,0
11,383,223,2,49380,21714,5,1,0,0
39,347,213,1,27120,13278,13,0,0,0
30,182,315,0,42139,56758,5,1,0,0
65,0,512,1,6616,55502,13,0,0,0
19,192,104,1,19132,47145,2,0,0,0
3,1036,0,1,53519,3000,3,1,1,1
37,309,178,1,18294,29645,6,0,0,0
42,279,324,0,28673,11929,9,1,0,0
24,67,191,1,12021,57420,7,3,0,0
44,0,293,1,34513,5000,15,4,0,0
20,173,283,1,57854,56758,4,0,0,0
22,1550,79,1,10128,64038,2,0,0,1
16,266,393,0,53533,40370,6,0,0,0
0,259,0,2,1894,64038,2,2,0,0
3,269,34,1,29708,34090,1,3,0,0
0,1344,65,0,40543,57420,1,0,1,1
30,561,0,0,50673,57420,11,5,0,0
11,196,208,1,35548,11929,2,0,0,0
21,335,411,2,31981,5000,3,1,0,0
71,317,0,1,34909,20207,15,3,0,0
8,237,368,1,45393,40370,1,5,0,0
15,0,199,0,36620,3000,6,3,0,0
42,10,239,1,30890,62874,9,4,0,0
7,373,61,0,31700,55502,2,0,0,0
2,3,110,0,65117,80,1,4,0,0
10,100,26,1,48788,80,2,0,0,0
5,398,215,0,51823,54408,2,5,0,0
79,2364,195,1,14902,13278,11,1,0,1
49,418,214,1,40784,443,8,4,0,0
30,2822,80,1,28583,53,9,1,0,1
61,2083,0,0,47570,64038,11,2,0,1
48,494,163,1,7795,53,11,1,0,0
6,78,122,1,17550,34715,4,3,0,0
66,680,386,1,30920,56758,7,0,0,0
23,432,0,0,32947,47145,2,0,0,0
49,489,527,1,52937,53,9,0,0,0
67,198,149,1,37227,80,12,0,0,0
11,0,212,1,40414,5000,7,5,0,0
3,193,170,1,13876,40370,2,0,0,0
7,0,33,0,48598,34090,3,5,1,0
16,76,16,1,44415,22,3,0,1,1
51,176,0,1,64179,45974,8,0,0,0
59,1513,152,2,57245,51978,11,4,1,1
0,331,11,1,54688,5899,1,3,0,0
21,43,0,2,2872,53,6,1,0,1
16,197,213,1,32051,40370,7,1,1,0
7,87,424,0,36488,55502,2,3,0,0
3,0,0,1,35509,62874,1,0,0,0
12,150,29,1,63854,34715,3,5,0,0
85,204,97,0,20480,62874,20,5,1,1
11,186,0,0,10283,64951,1,3,0,0
21,1724,0,0,36578,11929,4,0,0,1
36,365,66,1,47946,40370,6,3,0,0
13,182,46,0,14433,20207,2,0,0,0
107,3643,274,0,4815,22,21,0,0,1
98,552,0,1,26888,21714,22,0,0,0
8,250,368,0,37663,62874,2,1,0,0
20,1998,65,0,35598,62874,5,5,1,1
10,1769,10,1,64651,53,1,3,1,1
10,1354,43,1,18912,8080,5,3,1,1
1,28,59,1,20716,64038,3,1,0,1
28,0,260,1,24525,5000,8,0,0,0
20,1660,0,1,14328,20207,4,1,1,1
1,0,0,1,55224,64951,1,5,0,0
9,1690,78,1,28551,47145,2,0,1,1
71,349,343,1,58439,20207,15,5,0,0
8,300,0,1,19098,5000,4,1,0,0
4,0,402,0,16573,34090,1,1,0,0
20,117,218,0,30987,53,5,3,0,0
127,314,7,1,26944,56758,26,1,0,0
8,1452,34,2,31850,34715,3,5,0,1
33,2528,71,1,37095,443,9,5,0,1
43,265,0,1,53289,54408,9,1,1,0
8,246,162,1,17085,54408,1,0,0,0
39,256,162,1,59250,53,6,1,1,0
13,444,255,0,29834,40370,3,5,0,0
30,559,213,0,61030,47145,8,0,0,0
30,3589,261,1,58026,13278,11,2,1,1
23,248,220,1,48990,5000,5,2,0,0
2,137,29,1,23824,80,1,3,0,0
54,280,146,1,51680,47145,13,0,0,0
11,6,328,1,44447,47145,2,3,0,0
6,287,338,1,60921,29645,2,5,0,0
1,23,0,0,42716,47145,1,0,1,0
26,187,0,0,10964,14355,6,0,0,0
33,432,305,1,4948,3000,10,5,0,0
0,1967,32,0,58791,3000,1,0,0,1
21,249,218,1,29078,54408,6,5,0,0
7,169,271,1,10807,45974,4,1,0,0
31,230,69,1,38277,51978,4,0,0,0
5,3243,0,1,46421,56758,2,5,1,1
35,291,0,2,14257,5899,4,1,1,0
14,2886,175,1,46693,8080,8,1,1,1
82,48,50,1,25508,40370,23,1,0,0
4,56,0,1,26092,8080,2,1,0,0
12,304,140,1,1215,11929,7,0,0,0
3,0,142,0,26098,57420,3,1,0,0
77,250,246,1,5941,80,15,5,0,0
62,399,22,1,39623,57420,11,0,1,0
8,32,25,1,26856,8080,5,3,0,1
32,3717,66,1,43952,54408,7,0,0,1
50,44,375,1,21730,56758,10,4,0,0
24,177,489,1,14706,62874,6,0,0,0
22,339,102,1,27786,5000,2,5,0,0
8,294,0,0,24407,34090,3,1,0,0
2,0,0,0,59184,56758,4,0,0,0
68,3116,136,0,28820,13278,25,0,0,1
69,1869,176,1,24690,54408,12,0,1,1
30,301,106,1,59841,29645,7,1,0,0
12,3,4,1,26686,80,4,0,1,1
12,188,67,0,46183,34715,1,4,0,0
38,383,157,1,35666,13278,10,1,0,0
68,341,163,1,42854,21714,13,0,0,0
65,250,303,1,38555,443,18,2,0,0
45,0,242,1,11258,55502,13,3,0,0
30,405,74,1,58640,5000,6,0,0,0
2,179,94,1,10245,13278,1,0,0,0
5,176,129,0,12434,54408,2,0,0,0
68,159,53,1,15543,56758,17,3,0,1
27,307,435,1,62437,40370,8,3,0,0
0,0,83,1,2075,22,1,1,1,0
3,155,0,1,46017,5000,2,4,0,0
32,312,182,1,10789,34715,5,4,0,0
0,26,0,0,12406,40370,2,1,0,0
5,99,0,1,13604,54408,2,5,0,1
23,0,238,0,57714,3000,6,0,1,0
35,1267,24,1,57587,8080,13,0,0,1
31,353,357,1,33347,47145,8,0,0,0
7,84,76,0,45781,80,1,0,0,0
37,3026,38,1,61657,54408,9,1,1,1
8,1490,126,1,56496,62874,4,5,0,1
11,0,0,1,12963,47145,3,0,0,1
41,395,99,1,52281,34715,12,0,1,0
31,51,24,0,30988,53,4,1,0,1
56,4613,162,1,1331,62874,10,5,1,1
32,54,17,0,57913,40370,3,0,1,1
25,31,89,0,4383,53,4,1,0,0
2,13,34,1,30672,64038,1,0,0,0
13,21,36,0,36968,443,9,0,0,1
9,310,221,1,35043,51978,6,5,0,0
8,11,72,2,39158,56758,1,5,0,0
108,635,253,1,28347,443,17,0,0,0
14,331,0,1,51693,54408,2,5,0,0
66,229,331,1,7250,3000,24,2,1,0
29,284,2,1,22713,57420,3,5,0,0
47,2694,71,1,31995,11929,10,1,0,1
20,133,193,0,26978,29645,5,1,0,0
25,42,438,1,56045,11929,7,1,0,0
20,214,177,1,25447,13278,8,3,0,0
6,0,182,0,31415,29645,2,0,0,0
38,196,218,1,15354,62874,7,0,0,0
9,243,0,2,5915,20207,2,0,0,0
0,0,159,0,6016,64951,1,3,0,0
31,2875,57,2,2985,5000,9,0,0,1
5,61,66,0,13521,5899,1,3,0,0
84,537,419,1,53039,29645,20,5,0,0
92,97,207,1,33575,64038,13,0,0,0
73,533,447,0,11872,34090,16,3,0,0
13,431,365,1,60862,47145,7,1,0,0
0,1282,113,1,56779,14355,1,5,1,1
79,270,333,1,14279,56758,13,0,0,0
16,197,177,2,5591,8080,3,3,0,0
102,311,222,1,49871,29645,32,4,0,0
99,0,372,1,40305,8080,16,5,0,0
57,1621,59,1,49027,57420,10,3,1,1
10,232,180,1,21413,13278,3,1,0,0
14,83,30,1,45547,62874,4,2,0,0
57,430,258,1,59290,57420,12,5,0,0
11,0,0,1,62600,62874,2,1,0,0
5,499,0,0,62830,5000,2,0,0,0
24,223,0,1,44943,47145,5,5,0,0
82,552,150,0,17591,21714,23,3,0,0
35,456,226,0,57931,5000,6,3,0,0
25,200,262,1,4382,62874,10,0,0,0
3,0,0,1,24023,21714,1,3,0,0
28,87,17,1,43382,22,1,1,1,1
138,203,70,0,56973,5899,33,3,0,0
4,2179,117,1,12012,57420,1,0,1,1
21,3943,85,1,58904,21714,4,3,0,1
62,133,97,1,41470,22,15,5,1,1
40,624,61,1,32545,3000,11,0,0,0
35,48,145,1,6722,54408,3,5,0,0
36,389,230,1,2297,21714,7,1,0,0
13,105,26,0,28567,3000,4,5,0,0
10,3,25,1,56829,14355,1,4,0,0
49,302,168,1,32373,5899,12,1,0,0
49,4034,154,1,12265,22,15,3,1,1
60,0,100,0,51272,45974,13,5,0,0
73,158,378,1,10521,45974,11,1,0,0
21,133,191,0,42899,29645,3,0,0,0
20,85,325,1,33727,47145,4,3,0,0
48,128,324,1,45065,55502,6,4,0,0
31,156,407,1,32978,21714,9,4,0,0
36,449,199,1,9026,53,9,4,0,0
47,402,60,1,5271,5899,10,1,0,0
66,2638,221,1,43012,13278,13,4,1,1
12,366,371,0,22722,22,4,0,0,0
14,0,22,1,60345,14355,3,1,1,1
2,0,134,1,20762,45974,1,0,0,0
25,365,100,1,11727,29645,8,0,0,0
1,0,0,1,49264,20207,2,1,0,0
18,366,466,1,50446,14355,8,1,0,0
23,432,328,1,18594,22,5,3,0,0
10,34,159,1,62923,20207,1,1,0,0
26,321,267,1,13416,34090,6,1,0,0
0,141,95,1,45748,64951,1,0,0,0
1,1336,0,1,33323,14355,4,1,1,1
51,192,93,1,16665,13278,9,0,0,0
13,315,0,1,15022,11929,2,0,0,0
4,295,275,2,7329,5000,3,2,0,0
22,0,168,1,33750,21714,7,3,0,0
44,225,167,1,19806,5000,12,2,0,0
7,85,0,1,13745,3000,3,1,0,0
29,232,152,0,40787,443,9,1,0,0
2,11,33,0,13451,34090,1,5,1,1
1,0,0,1,47574,56758,1,1,0,0
22,9,454,2,57475,51978,6,1,0,0
23,313,413,1,21590,64038,3,0,0,0
30,240,243,1,60079,8080,4,0,0,0
38,441,421,0,3254,54408,8,1,0,0
111,207,0,0,7535,80,19,1,0,0
21,230,414,1,50304,57420,4,1,0,0
11,262,0,1,43253,34715,3,1,0,0
47,0,99,1,53848,20207,11,2,0,0
9,289,53,1,27201,64951,7,4,1,0
17,351,149,0,5789,45974,5,4,0,0
2,507,36,1,21378,51978,1,3,0,0
0,0,43,1,24953,64038,2,5,0,0
98,215,313,1,29844,11929,28,0,0,0
54,843,134,1,47064,40370,17,0,0,1
35,2404,53,1,30547,54408,7,0,1,1
15,324,0,1,6576,11929,3,2,0,0
5,0,131,2,1651,64038,3,5,0,0
5,0,65,0,13013,47145,2,0,0,0
8,96,0,1,14804,64951,4,5,0,0
23,462,0,0,7613,20207,5,0,0,0
37,34,133,0,35836,64951,11,5,0,0
32,323,357,0,29152,34090,11,1,0,0
9,158,0,1,46963,53,2,0,0,0
92,327,85,1,52517,11929,13,1,0,0
40,486,161,1,39676,29645,4,0,0,0
24,42,86,1,28814,34715,8,0,0,0
28,155,524,1,41977,3000,5,0,0,0
16,291,148,1,1273,21714,5,4,0,0
8,289,0,1,20333,8080,1,1,0,0
13,13,76,0,55219,34715,9,0,0,0
42,540,342,1,51150,11929,6,2,0,0
0,0,0,1,26925,40370,2,3,1,0
3,519,0,2,24600,14355,2,0,0,0
1,0,85,0,32532,34715,1,1,0,0
1,125,257,0,10199,64951,1,0,0,0
58,50,43,2,26488,40370,22,0,1,0
36,413,364,1,61305,62874,5,3,0,0
19,79,130,2,17284,11929,1,0,0,0
3,410,366,1,60485,5899,1,1,0,0
20,308,204,1,36464,51978,9,3,0,0
19,0,170,1,30570,62874,5,0,0,0
5,152,3,1,41071,21714,2,1,0,0
17,166,0,1,57707,34090,2,0,0,0
15,0,15,1,59694,45974,6,5,0,0
28,725,235,0,42454,55502,6,1,0,0
30,538,158,1,3011,80,7,4,0,0
1,326,0,1,50266,53,1,1,0,0
14,1113,0,0,26129,64951,2,0,1,1
29,94,21,1,13972,11929,7,2,0,0
20,3321,45,1,54235,443,3,5,1,1
58,177,0,1,14050,20207,15,2,0,0
32,182,267,1,3797,22,3,4,0,0
5,65,0,1,46951,47145,1,5,0,0
2,0,164,0,10902,45974,1,0,0,0
30,211,210,1,58559,3000,10,0,0,0
0,155,0,1,43970,20207,1,2,0,0
26,85,186,0,61991,51978,7,1,0,0
84,455,173,0,57585,20207,12,4,0,0
25,261,152,1,11401,5000,8,5,0,0
14,23,24,1,54616,14355,6,1,0,1
30,393,164,1,8371,14355,6,0,0,0
18,175,308,1,34800,8080,6,4,0,0
23,229,254,1,4807,11929,7,0,0,0
85,371,20,1,56822,55502,25,4,0,0
14,72,242,2,5322,56758,4,1,1,0
97,522,274,1,5692,40370,27,3,0,0
70,381,200,1,21695,21714,14,0,0,0
6,270,406,1,35844,40370,3,2,0,0
2,1469,9,1,56185,443,2,1,0,1
3,0,0,1,61676,57420,1,1,0,0
0,2103,28,1,35508,29645,1,0,0,1
2,3102,86,0,34102,14355,1,3,0,1
34,368,212,1,65060,40370,10,5,0,0
2,477,0,1,48183,21714,2,0,0,0
11,276,152,1,21946,54408,1,0,0,0
55,272,311,1,35052,21714,16,0,1,0
0,0,43,1,46949,14355,1,2,0,0
50,186,324,1,21340,40370,11,2,0,0
9,13,42,1,12484,21714,3,1,1,0
3,363,0,1,17992,11929,1,0,0,0
35,2532,115,0,31290,29645,8,1,0,1
29,223,228,2,61167,34715,9,1,0,0
62,336,281,0,31233,5899,14,1,0,0
39,74,38,0,25024,22,9,5,0,1
48,98,312,1,58727,5000,8,0,0,0
9,232,125,2,15035,13278,2,3,0,0
5,0,46,1,3890,47145,1,1,0,0
41,201,0,2,48157,64951,9,1,0,0
49,107,106,2,6922,64951,18,3,0,0
139,258,180,0,19419,56758,23,3,1,1
15,258,0,2,40043,14355,5,5,0,0
13,615,0,1,38731,54408,4,0,0,0
44,394,0,1,5030,51978,3,0,1,0
12,332,0,1,35417,34090,4,3,0,0
80,1695,99,1,11980,80,12,1,0,1
58,4222,123,1,51066,5899,24,0,0,1
16,31,244,1,31687,34715,5,0,0,0
41,644,45,2,7102,29645,9,0,1,0
42,137,164,1,30655,56758,14,5,0,0
3,136,91,0,31164,29645,1,0,0,0
69,504,327,0,57212,51978,9,0,0,0
21,4,67,0,63925,56758,6,0,0,0
52,2534,0,2,42715,5899,14,1,0,1
11,22,160,1,4985,40370,1,0,0,0
67,1306,50,2,30301,54408,18,1,0,1
14,288,444,0,52680,29645,4,0,0,0
0,267,0,1,42598,62874,1,4,0,0
70,145,109,1,53982,80,11,0,0,1
2,0,60,0,32441,5899,3,1,0,0
11,2106,0,1,23508,62874,4,5,1,1
89,235,370,1,19127,55502,20,3,0,0
90,659,512,1,30369,64038,14,1,0,0
25,5,37,1,47350,8080,5,0,0,1
29,273,157,1,40478,47145,5,0,0,0
17,79,27,0,2611,22,5,3,1,1
10,40,19,1,57176,443,3,5,1,1
11,120,76,1,43595,22,2,3,0,0
33,272,115,1,51072,45974,8,1,0,0
41,481,266,1,55734,20207,10,3,0,0
47,360,193,0,58645,3000,6,1,0,0
46,267,338,1,22055,14355,10,0,0,0
2,423,0,1,27236,29645,2,1,0,0
20,498,134,1,11374,56758,2,5,0,0
1,174,81,1,19840,56758,1,0,0,0
23,470,319,0,21312,20207,2,3,0,0
17,2431,0,0,30456,20207,2,0,0,1
65,224,459,1,45246,22,11,1,0,0
12,1409,0,1,49641,14355,5,0,0,1
3,60,69,1,7861,64951,1,1,0,0
4,0,270,1,35241,45974,3,4,0,0
43,416,445,1,21908,54408,6,0,1,0
28,171,42,1,6478,29645,6,3,0,0
3,0,36,1,10448,29645,2,4,0,1
2,0,330,1,37909,56758,2,5,0,0
36,17,285,0,42661,13278,8,0,0,0
2,0,0,2,44642,47145,1,1,0,0
51,99,215,1,19436,45974,14,0,0,0
36,112,388,0,63695,13278,6,5,0,0
2,0,83,1,48135,11929,2,5,0,0
2,176,236,1,40637,34090,2,1,0,0
129,483,229,0,21166,80,20,4,0,0
14,1720,0,0,56080,3000,4,1,0,1
13,219,495,2,38416,29645,1,2,0,0
50,280,0,1,60405,5899,11,0,0,0
88,685,313,1,61017,29645,22,4,0,0
128,16,535,0,64140,34715,21,0,0,0
41,435,65,1,9872,34715,9,4,0,1
14,245,0,1,50341,29645,1,4,0,0
2,408,0,1,14160,14355,4,3,0,0
45,116,0,1,54767,34715,11,0,0,0
24,481,4,1,1613,40370,6,0,0,0
16,527,0,1,21932,29645,2,0,0,0
71,326,0,0,52997,21714,19,1,0,0
3,240,25,1,62626,80,1,0,0,0
20,172,279,1,7533,13278,4,5,0,0
0,702,0,1,41485,11929,2,1,0,1
18,24,227,1,43246,5000,4,0,0,0
1,57,9,1,50247,29645,2,1,0,1
3,126,61,1,45500,62874,1,1,0,0
3,3313,104,0,46734,14355,2,2,0,1
31,376,79,1,53756,54408,10,1,0,0
41,0,119,2,58138,40370,9,5,0,0
26,359,9,1,50444,51978,10,1,0,0
98,284,143,1,10992,5899,20,5,0,0
14,263,0,1,3486,21714,3,5,0,0
10,102,0,1,10484,45974,1,0,0,0
60,561,7,0,34807,5899,9,5,0,0
7,253,67,1,61090,57420,3,0,0,0
99,161,203,1,10299,5000,25,4,1,0
0,117,105,0,29701,40370,1,1,0,0
105,436,145,0,14293,20207,24,5,0,0
1,134,106,0,65081,55502,1,5,0,0
66,162,336,1,58160,62874,16,4,0,0
22,292,0,0,1430,3000,4,4,0,0
148,310,262,1,8408,62874,39,0,0,0
2,0,0,1,56225,34090,1,0,1,1
24,298,224,1,23577,13278,4,1,0,0
104,272,348,1,25390,14355,18,0,0,0
22,172,243,1,45060,11929,8,3,0,0
29,451,219,1,18393,13278,8,0,0,0
35,1794,0,0,12819,47145,10,5,1,1
18,83,77,1,5509,45974,4,2,1,1
29,206,0,1,42693,20207,8,4,0,0
26,0,268,1,3642,14355,10,0,0,0
69,219,205,0,31167,14355,17,5,0,0
1,0,321,1,30449,64038,1,5,0,0
9,34,169,1,23697,29645,3,1,0,0
90,323,250,0,10627,55502,19,2,0,0
66,237,0,0,40720,8080,13,4,0,0
18,138,57,1,6392,56758,4,0,0,0
29,102,404,1,5645,13278,9,1,0,0
9,143,21,0,59853,64038,4,1,0,0
6,297,0,1,64524,34090,2,0,0,0
18,3548,78,1,61318,443,6,1,0,1
13,191,542,0,15743,11929,3,0,0,0
26,437,320,1,30251,47145,6,0,0,0
2,2795,46,1,44918,40370,3,0,0,1
109,1394,63,1,8590,34090,19,5,0,1
128,364,386,1,13330,3000,25,1,0,0
35,177,313,1,54846,34715,8,5,0,0
23,0,0,0,25066,11929,5,1,0,0
11,0,106,1,16110,3000,6,0,0,0
50,397,268,1,18411,3000,16,1,0,0
34,2034,93,1,28066,14355,4,1,1,1
5,425,429,1,24912,34715,1,0,0,0
72,256,98,2,52642,64951,17,2,0,0
51,189,294,1,27538,443,15,0,0,0
89,71,153,1,19347,45974,14,2,0,0
38,293,61,1,19043,22,8,3,0,0
28,506,0,1,10914,29645,4,0,0,0
16,0,0,1,41887,13278,3,0,0,0
80,438,202,0,56441,22,17,4,0,0
60,316,318,2,46511,80,15,1,0,0
1,0,209,1,11307,51978,1,0,0,0
0,0,19,1,19303,5899,1,5,0,1
14,352,50,0,48023,40370,4,0,0,0
49,1956,0,0,63804,64038,6,3,1,1
130,305,373,1,23932,55502,33,5,0,0
4,0,147,1,62608,51978,1,0,0,0
27,243,0,1,61766,14355,6,0,0,0
14,526,7,0,48490,22,5,0,0,0
105,3811,113,0,51249,80,25,0,0,1
55,4118,71,1,38976,53,8,0,0,1
54,241,196,1,36194,11929,14,3,0,0
18,0,144,0,38687,14355,6,0,0,0
16,33,497,0,57507,64038,1,1,0,0
9,3326,154,2,45196,34715,5,5,1,1
1,13,292,0,62405,443,1,4,0,0
60,333,501,1,48953,11929,12,2,0,0
50,458,503,1,10367,20207,9,0,0,0
245,637,339,1,11661,443,50,2,0,0
170,2831,287,1,35748,5899,28,1,0,1
24,339,191,1,40815,29645,10,1,0,0
43,38,130,0,30158,5899,8,0,0,0
86,170,334,1,47854,11929,18,5,0,0
56,244,496,0,48125,20207,13,1,0,0
8,0,61,1,4931,56758,3,0,0,0
17,207,191,2,34599,5899,4,1,0,0
4,0,127,1,58554,34090,2,1,1,1
92,0,141,1,47823,80,24,4,0,0
27,308,214,1,5851,57420,5,3,0,0
7,59,200,1,31631,5899,1,4,0,0
33,270,409,0,63677,80,9,0,0,0
28,88,16,0,14723,443,7,1,0,1
13,199,186,1,38316,20207,4,1,0,0
3,319,216,1,48985,54408,1,0,0,0
33,82,181,1,26907,45974,6,0,0,0
22,178,376,1,50015,29645,2,4,0,0
44,220,241,0,52460,40370,6,0,0,0
22,3611,83,0,6337,443,6,1,0,1
57,290,77,1,14622,11929,13,0,0,0
24,123,77,0,46850,14355,7,0,0,0
24,158,256,1,50933,3000,8,0,0,0
62,52,38,0,29831,13278,11,5,1,0
15,367,293,1,5911,47145,2,4,0,0
4,17,20,0,4878,3000,2,5,1,1
0,0,0,0,46250,34090,1,1,0,0
42,150,238,1,60574,20207,12,0,0,0
29,100,290,0,15560,34715,5,1,0,0
36,1474,6,1,4582,5000,9,1,0,1
7,0,241,1,10796,57420,5,4,0,0
4,1716,50,1,51137,57420,1,0,0,1
0,39,250,2,54023,11929,2,1,0,0
12,1384,103,0,56902,55502,2,0,0,1
26,380,282,0,37367,40370,9,0,0,0
14,508,0,0,59243,51978,1,3,0,0
17,44,31,1,36210,55502,6,1,0,0
70,216,245,0,37990,34090,14,1,0,0
12,0,274,1,34793,21714,3,1,0,0
21,516,271,1,55420,53,4,1,0,0
45,462,224,1,61752,45974,17,4,0,0
15,224,239,0,40911,34090,4,5,0,0
29,721,9,0,54242,14355,10,5,0,1
59,350,165,1,20253,34090,17,4,0,0
89,3042,0,1,10697,47145,17,0,0,1
4,119,0,0,28901,53,1,3,0,0
78,302,199,1,59025,64038,20,1,0,0
20,235,224,0,32625,20207,7,0,0,0
8,171,0,2,39108,21714,1,4,0,0
18,0,0,1,17268,22,4,0,0,1
117,651,12,1,28380,11929,20,5,1,0
20,110,24,0,17830,55502,6,1,0,1
11,1316,15,0,24123,8080,3,2,0,1
30,354,77,1,45665,29645,6,3,0,0
8,2312,57,2,38058,8080,5,5,0,1
2,237,10,1,41341,55502,1,2,0,0
4,0,27,1,56492,21714,4,2,0,1
4,0,0,0,20118,40370,4,0,0,0
4,319,278,0,58820,21714,2,1,0,0
4,1276,230,1,11613,443,2,0,1,1
30,481,0,0,58245,14355,4,3,0,0
6,28,93,1,60343,53,2,1,0,0
12,475,0,1,2681,57420,3,3,1,0
68,0,19,1,33788,14355,10,0,0,0
19,191,104,0,52717,57420,7,0,0,0
33,118,58,1,40555,34090,13,3,1,1
5,225,79,1,53251,45974,3,0,0,0
6,322,360,1,4188,22,1,0,0,0
1,227,0,0,28566,20207,3,0,0,0
5,161,294,1,19461,64951,1,5,0,0
9,110,216,0,42271,34090,3,3,0,0
5,197,0,1,39529,13278,1,1,0,0
2,2783,100,1,20625,34715,1,0,1,1
3,99,201,1,29454,22,3,0,0,0
18,279,0,0,51623,8080,7,4,0,0
6,296,143,0,7033,57420,1,3,1,1
13,0,218,1,50783,14355,4,0,0,0
21,172,400,1,5576,53,3,0,0,0
35,190,82,1,51940,51978,7,0,0,0
1,2214,40,1,10441,14355,2,3,0,1
48,519,0,1,59603,54408,5,4,0,0
29,238,74,1,43013,8080,4,0,0,0
2,0,0,1,3695,57420,1,0,0,0
62,460,345,1,7543,51978,10,0,1,0
76,26,225,1,37754,34090,9,5,0,0
1,150,88,0,13758,55502,1,0,0,0
9,275,0,1,46914,5000,4,4,0,0
49,123,54,1,53353,443,13,2,1,0
41,164,143,0,4746,56758,10,1,0,0
6,195,4,1,5930,51978,1,0,0,0
7,1831,139,1,31120,29645,4,0,1,1
13,3559,9,1,41055,5000,3,2,0,1
19,297,68,1,14723,45974,4,4,0,0
28,559,0,1,22462,5000,7,2,0,0
13,70,8,1,59843,13278,4,1,0,1
18,304,117,0,44880,29645,6,0,0,0
41,54,103,1,34600,64951,5,5,0,0
1,338,0,1,42962,47145,2,4,0,0
8,437,80,1,50052,5899,2,0,0,0
37,3770,101,1,60831,8080,3,5,0,1
67,1420,89,1,50901,29645,9,2,0,1
21,328,19,0,33271,11929,6,1,0,0
22,145,17,1,44485,40370,8,3,0,0
3,430,0,1,28962,55502,1,4,0,0
17,346,101,1,41493,54408,3,3,0,0
22,185,358,1,18624,29645,7,0,1,0
8,0,370,2,21459,64038,5,0,0,0
9,401,43,1,19605,14355,1,5,0,0
14,1607,0,1,15215,443,5,0,1,1
0,124,0,1,20214,11929,1,1,0,0
11,136,29,2,59146,14355,1,1,0,0
7,277,41,1,51148,47145,1,1,1,0
11,86,63,1,28410,5000,1,2,0,0
3,0,229,0,32745,57420,1,5,0,0
66,427,216,0,55810,29645,26,0,0,0
27,357,173,1,14728,3000,2,0,0,0
34,100,45,1,57659,22,9,0,1,1
46,143,73,1,3147,47145,7,5,0,1
20,450,68,1,26198,22,5,2,0,0
2,0,129,1,45325,40370,3,0,0,0
23,13,238,1,50400,34715,6,4,0,0
26,74,5,1,64017,56758,8,5,0,0
41,303,171,1,48240,55502,3,4,0,0
16,93,3,1,15610,8080,4,5,1,1
4,0,148,2,33000,5899,1,0,0,0
10,0,0,1,26440,56758,5,4,0,0
13,11,320,1,2838,62874,5,1,0,0
31,2903,209,1,14025,5899,8,4,0,1
25,331,457,2,51282,21714,6,3,0,0
13,673,182,1,17532,20207,3,4,0,0
129,181,153,1,20654,51978,29,3,0,0
27,447,234,1,14404,34090,3,0,0,0
8,286,29,1,49198,53,1,1,0,0
3,171,224,1,36723,21714,1,5,0,0
4,1670,66,1,47359,11929,1,5,0,1
8,0,88,1,47830,54408,4,0,0,0
5,3252,0,2,13341,29645,2,0,0,1
6,363,197,1,64792,22,4,0,0,0
10,64,0,1,36763,29645,2,3,0,1
5,68,70,0,35809,64951,3,4,0,0
68,242,336,1,33004,64038,16,0,0,0
2,0,0,1,24823,5899,1,1,1,0
22,437,0,1,36207,3000,3,4,0,0
15,226,52,1,30190,53,4,3,0,0
121,417,129,0,20504,5000,34,1,0,0
3,0,459,0,2633,5899,2,1,0,0
15,365,247,1,1741,64038,3,1,0,0
104,199,532,1,20969,11929,24,0,0,0
60,435,149,0,26616,20207,15,1,0,0
50,205,104,0,29165,21714,11,3,0,0
8,355,0,0,31033,56758,5,5,0,0
5,406,534,1,63069,45974,1,2,0,0
33,1319,118,1,46454,5899,7,4,1,1
79,180,53,0,7806,45974,21,0,0,1
24,294,199,1,27560,40370,6,1,0,0
25,570,122,1,34840,20207,4,0,0,0
9,451,123,1,26957,55502,2,0,0,0
44,245,274,1,12642,5899,12,3,0,0
6,409,77,1,9331,57420,1,5,0,0
11,314,261,1,27695,64038,4,0,0,0
16,173,256,2,41697,14355,7,1,0,0
21,8,131,1,43785,14355,3,4,0,0
8,72,43,0,11362,5000,1,0,0,0
3,2340,160,1,39370,62874,3,1,1,1
28,554,338,1,47626,57420,9,3,0,0
10,574,66,2,51796,443,4,2,0,0
26,50,51,1,7572,53,10,0,1,1
5,292,194,1,41173,11929,2,1,0,0
19,624,172,1,22188,3000,4,4,0,0
22,124,212,1,28550,51978,2,1,0,0
1,504,1,0,32246,40370,1,0,0,0
12,108,66,0,21200,29645,6,4,0,0
4,30,0,1,63935,3000,1,0,0,0
1,371,2,1,3965,11929,2,3,0,0
138,3157,103,1,6719,29645,25,0,0,1
11,0,0,0,40193,64038,4,5,0,0
49,2091,38,1,48971,64951,9,1,0,1
8,200,205,1,48248,51978,2,0,1,0
34,309,29,1,46889,34715,10,0,0,1
42,242,28,1,26577,47145,8,0,0,0
27,86,134,1,39989,5899,7,5,0,0
19,76,0,0,61434,443,1,5,0,0
15,290,153,1,39242,22,1,1,0,0
12,394,210,1,26383,34715,3,1,0,0
79,371,208,0,25840,3000,25,3,0,0
53,138,69,0,56050,64951,10,5,1,1
100,244,110,1,51729,5899,19,1,1,1
3,211,221,1,62946,47145,1,1,0,0
39,0,302,1,51188,20207,8,1,0,0
83,387,263,1,9402,13278,20,3,0,0
5,0,319,1,2905,56758,1,0,0,0
2,2088,236,1,40591,51978,1,2,0,1
40,274,119,1,48389,5000,4,1,0,0
25,55,35,0,63416,62874,8,4,0,1
55,549,272,1,14699,45974,7,0,0,0
4,412,134,1,5610,5899,2,1,0,0
47,406,0,1,26030,55502,6,1,0,0
6,309,329,2,42222,20207,1,2,1,0
5,548,173,0,23855,56758,3,0,0,0
5,2797,131,0,36137,62874,4,1,0,1
50,127,217,0,17483,5000,13,1,1,0
32,544,56,0,33467,34090,4,1,0,0
22,0,364,1,43340,14355,5,2,0,0
13,0,118,1,31619,80,6,3,0,0
62,86,0,1,65510,45974,7,4,0,0
14,845,121,0,6901,51978,1,0,1,0
50,395,198,0,40577,56758,14,4,0,0
17,1932,45,1,49625,53,5,1,1,1
14,78,274,1,5946,22,2,0,0,0
18,17,6,1,58266,62874,4,0,1,1
10,0,202,0,52506,22,5,0,0,0
41,117,3,1,5710,56758,6,4,1,1
20,194,178,1,33790,14355,5,3,0,0
7,141,15,1,15431,45974,4,4,0,0
68,136,56,1,33030,5000,5,1,1,1
14,62,264,0,32446,62874,3,1,0,0
23,104,406,1,52078,80,3,0,0,0
71,0,103,0,64374,62874,14,0,0,0
29,62,39,1,13229,20207,8,1,0,1
3,58,210,1,22078,3000,1,0,0,0
84,437,239,1,24551,5000,24,0,0,0
29,226,135,0,46971,54408,13,1,0,0
12,0,8,1,19467,29645,4,3,1,1
4,420,47,1,17548,34090,3,5,0,0
47,243,253,1,51965,62874,14,5,0,0
29,52,0,0,29226,34715,4,2,0,0
22,218,368,1,1040,57420,3,1,0,0
67,620,198,0,47166,13278,14,2,0,0
46,19,289,1,62716,80,13,4,0,0
4,0,0,1,17872,40370,2,0,0,0
11,90,17,1,21879,53,2,1,0,0
8,257,0,1,19235,8080,3,4,0,0
40,673,321,1,61396,34090,10,1,0,0
1,2596,85,1,26119,62874,1,1,0,1
25,256,0,1,39748,64038,10,1,0,0
43,228,215,0,50265,22,6,0,0,0
62,3782,71,1,38607,20207,13,1,0,1
12,265,206,0,53027,8080,4,0,0,0
51,535,219,1,3867,20207,12,0,0,0
3,0,94,1,30325,22,1,0,0,0
56,185,201,1,27484,55502,13,4,0,0
4,1404,148,1,32942,21714,1,0,1,1
15,1306,71,1,29771,22,2,1,1,1
47,142,625,1,16996,55502,6,0,0,0
4,40,0,1,59293,64951,1,5,0,0
7,353,8,1,29334,20207,4,0,0,0
38,405,384,0,23951,64038,10,1,0,0
38,126,425,0,56077,51978,12,5,0,0
30,512,347,1,51145,55502,7,4,0,0
35,219,267,1,2118,29645,6,0,0,0
23,251,408,1,39916,40370,3,4,0,0
8,2907,31,1,57523,40370,5,1,0,1
12,0,180,1,53371,56758,2,1,0,0
6,0,166,1,35196,64951,1,0,0,0
71,186,295,1,61732,40370,15,0,0,0
26,23,242,1,24348,21714,7,3,0,0
15,560,47,1,21698,21714,4,1,0,0
18,554,196,0,5006,3000,6,1,0,0
88,575,292,0,46307,62874,16,3,0,0
4,190,233,1,16814,21714,4,4,0,0
26,2431,0,0,13229,40370,4,0,0,1
21,206,460,2,55731,53,5,2,0,0
28,506,355,1,25362,29645,10,0,0,0
0,0,193,1,13772,45974,1,4,0,0
61,1330,90,1,22121,21714,13,3,0,1
80,79,452,0,4116,22,15,5,0,0
24,154,251,0,54335,21714,4,0,0,0
35,397,91,1,23716,14355,10,0,0,0
76,329,372,1,60442,34090,22,0,0,0
36,166,242,1,24886,443,6,0,0,0
4,41,0,1,65523,51978,1,0,0,0
25,238,250,1,25884,45974,5,5,0,0
27,373,105,0,14995,55502,7,0,0,0
16,113,21,1,15640,64038,6,0,0,0
40,2884,0,0,5957,14355,14,4,1,1
81,321,168,0,5950,80,27,1,0,0
77,318,341,0,26787,443,16,4,0,0
17,0,134,1,4993,21714,2,0,0,0
3,2096,0,1,36757,54408,2,1,0,1
125,106,233,1,5343,64951,29,0,0,0
54,531,0,1,42767,11929,9,0,0,0
3,0,0,1,40900,443,3,5,0,0
76,365,377,1,42933,40370,21,0,0,0
61,403,69,1,21347,56758,11,1,0,0
21,414,130,1,17452,5000,5,1,0,0
26,203,381,1,35602,29645,5,0,0,0
15,4297,0,1,21974,11929,2,5,0,1
1,102,0,0,44065,3000,2,0,0,0
12,512,100,0,65164,64951,1,3,0,0
48,145,61,1,61866,45974,11,5,0,1
0,1790,98,1,42813,62874,1,1,0,1
12,197,314,1,19317,56758,3,5,0,0
15,23,43,1,7388,443,2,0,0,1
23,488,168,1,64355,64038,4,1,0,0
75,23,526,0,36373,8080,12,0,0,0
12,18,23,1,1715,64951,3,3,1,1
12,0,46,1,62387,11929,2,5,0,0
40,75,293,1,31086,51978,8,0,0,0
18,66,79,1,1955,55502,5,3,0,0
7,0,195,1,46920,13278,2,0,0,0
18,223,0,1,58086,13278,10,1,0,0
4,236,0,1,32754,56758,2,1,0,0
5,0,74,1,15250,22,3,5,0,1
20,29,29,1,14885,8080,3,2,0,0
16,239,0,1,32325,20207,5,0,0,0
73,159,110,1,49267,40370,9,0,0,1
13,158,349,2,23790,47145,4,0,0,0
26,0,0,1,37198,64038,4,0,0,0
30,174,35,1,64952,34715,4,0,0,0
0,0,0,1,42131,64038,2,5,0,0
32,399,284,1,51208,20207,4,1,0,0
5,155,126,1,18719,47145,2,1,0,0
97,424,327,1,42371,29645,14,0,0,0
4,106,0,0,4145,443,1,5,0,0
16,634,169,1,19281,53,4,3,0,0
2,41,0,1,29188,13278,1,0,0,1
173,554,357,1,26515,5000,41,3,0,0
20,80,434,0,60246,443,5,1,0,0
27,6,132,1,24189,3000,5,0,0,0
2,2868,110,1,49738,64038,1,1,1,1
41,191,277,1,4772,5000,9,1,0,0
7,2992,38,1,34069,11929,5,0,0,1
68,358,289,1,27577,8080,9,5,0,0
6,2113,0,1,52035,8080,3,4,0,1
6,158,98,1,61404,55502,3,3,0,0
1,209,0,1,45355,20207,1,1,0,0
19,330,0,1,31521,5899,3,1,0,0
24,240,151,1,32332,34090,5,3,0,0
2,229,291,0,56105,8080,2,1,0,0
44,349,143,1,40584,45974,9,0,0,0
18,261,427,1,54889,34090,3,1,0,0
22,457,636,1,47710,8080,4,4,0,0
17,224,274,1,11398,57420,3,1,0,0
15,22,132,0,5699,11929,3,0,0,0
24,0,289,1,2194,443,5,4,0,0
5,67,264,1,42473,34090,2,0,0,0
6,0,105,1,44509,34715,2,0,0,0
59,127,148,1,59550,53,8,0,1,0
87,303,121,1,62847,56758,16,0,0,0
14,349,0,1,13474,56758,3,4,0,0
9,60,302,1,11704,56758,5,1,0,0
30,394,237,0,11092,443,5,0,0,0
15,0,386,1,55484,29645,3,5,0,0
0,59,0,0,36254,3000,1,5,0,1
5,0,0,0,47442,62874,5,5,0,0
37,286,199,0,27230,64951,12,0,0,0
32,612,520,1,63668,80,6,1,0,0
0,264,160,1,1311,40370,1,5,0,0
7,439,27,0,23361,5000,2,4,0,0
7,302,228,1,21690,80,1,0,0,0
33,89,56,1,52083,80,8,0,0,1
0,2722,149,0,2185,80,2,1,0,1
3,145,35,0,50305,51978,3,5,0,0
48,634,201,1,56513,53,11,1,0,0
5,7,0,1,36155,53,1,1,0,0
31,0,191,1,25559,40370,10,0,0,0
8,2041,81,0,33552,62874,5,3,1,1
3,127,264,0,39775,34715,1,4,0,0
8,302,0,1,17551,62874,2,1,0,0
38,228,225,1,41999,80,10,4,0,0
58,512,9,0,24877,57420,15,5,0,0
53,2892,88,1,15782,34090,12,0,0,1
15,268,270,1,1268,29645,3,1,0,0
33,167,0,2,51102,53,10,0,0,0
6,358,0,1,4202,3000,2,4,0,0
10,3437,125,1,32855,20207,3,1,0,1
67,276,39,1,3200,443,6,2,0,0
0,2336,86,1,38794,29645,1,4,0,1
2,85,218,0,34678,40370,1,1,0,0
6,903,112,1,58708,57420,1,5,0,1
0,11,0,2,27651,51978,1,1,0,0
6,0,165,1,53574,51978,3,0,0,0
26,200,194,1,47513,64038,7,3,0,0
16,115,167,1,45934,14355,6,4,0,0
66,274,101,1,25905,51978,9,0,0,0
51,1495,53,1,59275,40370,11,5,0,1
12,267,0,1,36446,56758,6,5,0,0
9,318,0,1,13008,14355,4,0,0,0
14,535,0,1,24800,64038,5,5,0,0
26,375,0,0,62410,8080,4,0,0,0
9,1382,50,1,18779,34715,3,0,0,1
29,488,213,0,8159,5000,9,0,0,0
15,3851,0,1,1344,57420,3,5,0,1
24,80,39,1,38446,64038,5,3,0,1
17,353,91,1,29659,21714,4,0,0,0
10,477,433,1,22708,40370,5,1,0,0
88,1478,128,1,56937,29645,13,2,0,1
43,195,525,0,24262,56758,16,0,0,0
4,0,0,0,22913,5899,3,5,1,0
60,231,245,1,31337,47145,14,4,0,0
20,61,34,1,33559,443,8,1,0,0
67,182,457,0,49923,47145,14,5,0,0
48,366,104,1,59499,53,10,1,0,0
16,638,169,0,11794,22,6,5,0,0
0,0,0,0,40345,5000,1,3,0,1
9,0,355,0,21450,51978,2,2,0,0
23,92,104,1,45351,40370,5,0,0,0
30,345,0,1,42801,57420,10,5,0,0
8,16,289,1,47274,5000,1,1,1,0
4,0,276,1,8522,45974,1,0,0,0
54,138,211,0,40428,3000,9,0,0,0
124,431,125,1,41154,56758,21,1,0,0
22,333,0,1,17419,47145,1,1,0,0
5,226,113,0,50370,80,2,3,0,0
9,1268,0,0,3561,53,4,5,0,1
0,90,0,0,20250,64951,3,0,0,0
73,1254,63,0,16240,64038,23,3,0,1
3,2666,109,1,19637,55502,1,0,0,1
25,492,198,1,4033,40370,9,5,0,0
9,701,392,0,25392,34715,6,4,0,0
24,216,127,1,30351,13278,3,1,0,0
31,112,31,1,15233,47145,7,3,1,1
53,392,26,1,49467,64951,18,0,0,0
6,0,102,1,16053,34090,4,1,0,0
0,284,0,0,3101,62874,2,4,0,0
4,0,484,1,14931,21714,1,1,1,0
69,238,148,1,58021,54408,9,1,0,0
62,469,110,1,37659,57420,16,1,0,0
27,272,106,1,49944,5899,9,4,0,0
27,408,376,1,63583,51978,6,0,0,0
32,159,269,1,5897,5899,7,0,0,0
5,427,281,0,9659,3000,1,3,0,0
73,88,577,1,34089,55502,11,4,0,0
16,54,77,1,46887,51978,5,0,0,0
14,502,158,1,56032,62874,2,0,1,1
21,0,29,1,42828,3000,4,0,1,1
1,142,37,1,34807,45974,4,0,0,0
5,485,0,0,35176,80,1,1,0,0
40,421,246,1,59765,56758,14,3,0,0
2,203,200,0,42537,64038,1,3,0,0
27,485,85,1,52526,64038,5,2,0,0
8,296,0,1,30116,51978,1,1,0,0
14,222,199,1,18677,21714,6,4,0,0
10,508,0,0,33487,5000,4,1,0,0
13,354,178,1,35052,5899,6,5,0,0
38,117,270,1,41493,56758,12,2,0,0
10,269,90,1,58552,11929,3,0,0,0
25,416,63,1,21971,29645,5,3,0,0
19,387,292,1,57073,22,6,0,0,0
32,92,11,1,60778,56758,9,3,1,1
82,177,209,1,31002,34715,14,0,0,0
39,2551,221,1,23080,55502,6,0,1,1
7,12,114,1,30031,5899,4,5,0,0
0,0,0,0,44193,34090,3,0,0,0
9,350,213,0,49311,57420,2,4,0,0
27,0,236,0,55769,443,3,0,0,0
1,75,5,1,45656,80,1,2,0,0
20,209,280,1,49473,20207,4,3,0,0
27,410,208,1,56331,40370,6,1,0,0
12,357,99,1,6567,29645,1,0,0,0
44,264,366,1,57416,47145,15,0,0,0
3,0,26,1,22091,64038,2,0,0,0
2,71,372,1,52057,3000,1,0,0,0
39,112,64,1,46280,64951,2,3,1,1
20,293,147,0,26121,29645,2,5,0,0
34,315,264,1,43871,11929,7,5,0,0
17,194,0,1,44536,21714,4,4,0,0
8,240,84,1,4833,64951,4,4,0,0
51,0,48,1,23215,51978,11,3,0,0
48,3383,194,1,22291,56758,16,0,0,1
35,206,257,0,8230,22,11,5,0,0
9,1160,133,0,54331,51978,5,3,0,1
26,484,57,1,22081,29645,4,1,0,0
13,149,258,0,30016,5899,3,0,0,0
2,0,138,2,47538,11929,1,1,0,0
74,0,171,0,17019,54408,25,1,0,0
4,0,198,0,49827,443,4,5,0,0
90,341,319,1,45463,22,18,1,0,0
17,399,0,1,64501,40370,4,1,1,0
6,1632,189,1,14234,80,1,5,0,1
23,243,190,1,18817,55502,7,0,0,0
61,452,37,2,27294,13278,15,1,0,1
39,168,0,1,63032,3000,10,0,0,0
49,0,259,0,6221,8080,12,3,1,0
32,2151,0,0,49345,80,4,5,1,1
35,2793,221,0,8476,5899,4,0,0,1
56,210,374,2,42510,80,15,5,0,0
8,273,290,1,15883,62874,2,0,0,0
20,523,283,1,28260,13278,6,5,0,0
7,41,149,1,32923,13278,2,4,0,0
131,368,165,1,33107,20207,35,4,0,0
86,56,285,1,3196,54408,23,0,0,0
1,46,22,1,46950,62874,1,5,1,1
36,3586,0,0,17687,56758,5,3,0,1
77,361,9,1,28564,45974,7,0,0,0
5,394,41,1,54153,47145,2,4,0,0
25,2252,72,1,20077,20207,6,0,0,1
74,350,283,1,12109,80,16,5,0,0
1,0,252,1,31588,53,1,0,0,0
35,165,59,0,25233,57420,6,3,0,0
10,261,222,1,60119,34715,2,1,0,0
77,2459,44,0,5005,64038,18,0,0,1
106,348,394,1,22177,11929,27,0,0,0
86,448,351,0,6271,62874,14,0,0,0
19,71,175,1,11577,29645,8,1,0,0
59,130,60,1,21835,5000,9,0,1,1
55,2913,245,1,30869,54408,6,1,0,1
11,0,39,0,7159,13278,5,0,0,0
52,473,331,1,6597,5000,10,0,0,0
1,0,159,1,54307,54408,1,3,0,0
27,260,392,2,60076,21714,4,0,0,0
7,395,40,0,14755,443,1,5,0,0
3,131,219,1,8213,64951,2,5,0,0
2,0,164,0,15565,14355,1,3,0,0
35,301,0,1,44670,53,8,1,0,0
12,181,0,1,12111,64951,4,5,0,0
38,2088,90,1,47459,64951,7,0,0,1
2,0,430,0,54711,20207,1,0,0,0
11,338,261,0,3800,5000,4,0,0,0
23,2429,0,1,43103,5899,5,4,0,1
46,110,99,1,28588,443,10,0,0,0
11,432,386,1,29859,57420,1,1,0,0
29,116,235,2,62611,40370,9,5,0,0
65,154,304,2,8721,64038,13,5,0,0
28,288,250,1,15653,8080,10,1,0,0
7,5,21,0,9410,54408,1,0,0,0
0,36,47,0,18070,3000,1,4,0,1
61,127,345,1,58847,56758,14,1,0,0
0,0,142,1,9068,34090,1,0,0,0
62,0,0,1,54394,55502,10,0,0,0
22,380,300,1,10639,80,4,5,0,0
83,515,0,1,48826,56758,21,3,0,0
48,58,0,1,6084,21714,14,4,1,0
185,158,475,0,11924,13278,32,5,0,0
12,36,171,1,61543,47145,4,1,0,0
43,242,441,1,56050,3000,5,1,0,0
15,169,246,1,6605,5899,3,1,0,0
19,72,38,1,62182,40370,3,0,0,1
29,424,77,1,35806,3000,6,1,0,0
62,124,334,1,21197,14355,10,4,0,0
124,31,79,1,14021,80,35,2,0,0
43,0,169,1,44427,29645,14,5,0,0
16,271,361,1,59279,29645,7,1,0,0
16,123,185,1,47440,47145,2,2,0,0
40,89,288,0,8172,14355,4,2,0,0
8,333,0,1,57942,5000,3,1,0,0
3,2764,105,1,61581,21714,3,3,1,1
13,159,89,0,19772,54408,1,0,0,0
10,2409,212,1,15046,62874,7,1,0,1
10,234,0,1,21037,47145,6,0,0,0
7,346,344,0,39711,80,2,1,0,0
1,0,0,1,16910,21714,2,1,0,0
0,1671,0,1,55851,53,2,3,0,1
131,4276,291,0,61840,14355,28,5,0,1
16,96,356,0,26280,29645,5,2,0,0
14,85,133,2,31029,62874,1,3,0,0
34,275,94,1,7662,11929,11,1,0,0
7,0,48,1,38443,8080,4,2,0,0
89,343,0,1,34401,443,20,0,0,0
46,1593,170,1,41732,29645,10,0,0,1
2,417,0,1,44140,47145,1,1,0,0
16,164,471,1,37658,80,6,1,0,0
63,201,233,0,17779,20207,13,0,0,0
86,308,131,1,24406,29645,25,0,0,0
18,51,0,1,50791,3000,3,0,0,0
28,365,329,1,57087,29645,3,5,0,0
5,2486,0,1,23418,20207,3,0,0,1
141,282,178,1,3277,64951,27,1,0,0
7,361,445,1,38734,47145,1,0,0,0
85,163,175,1,46122,22,22,2,0,0
31,408,224,1,1888,21714,7,0,0,0
28,329,88,0,35060,22,3,0,0,0
21,576,0,0,41246,29645,6,1,0,0
7,15,0,1,14690,443,1,0,0,0
5,24,43,1,59152,80,2,0,0,1
7,91,179,0,21979,34090,3,0,0,0
6,337,69,0,46162,34090,1,0,0,0
45,566,68,1,39021,29645,9,0,0,1
12,0,0,0,17333,5000,4,0,0,0
1,1589,27,1,52413,22,4,4,0,1
104,628,330,0,5078,47145,15,1,0,0
64,543,355,2,63263,40370,8,1,0,0
78,2932,120,1,1959,34715,8,0,0,1
158,2324,44,0,45964,5000,35,5,0,1
5,102,86,1,23802,34090,1,1,0,0
15,143,0,2,58067,80,5,0,0,0
42,350,401,1,44322,64951,11,2,0,0
35,2980,77,0,64132,55502,5,0,0,1
5,61,87,1,49352,3000,2,0,0,0
50,103,68,1,49948,5000,10,1,0,1
7,275,0,1,17733,57420,4,5,0,0
7,135,165,2,10750,5000,4,1,0,0
23,231,353,0,61848,47145,2,3,0,0
26,94,181,0,41566,443,9,5,1,0
26,2627,0,0,21269,53,5,0,0,1
2,29,195,1,35777,13278,1,0,0,0
62,2981,249,1,15276,64038,15,1,0,1
9,0,140,1,22340,80,6,1,0,0
4,0,194,1,38395,57420,1,1,0,0
65,3272,84,1,20186,5899,11,5,0,1
93,555,214,1,16984,21714,16,3,0,0
59,165,0,1,31815,57420,18,2,0,0
49,257,124,1,43254,5899,13,0,0,0
31,1601,18,1,26240,54408,10,4,0,1
24,57,25,1,33491,51978,5,5,0,1
2,54,95,2,65451,20207,5,4,0,0
15,2628,0,0,47958,34090,5,0,1,1
13,286,189,2,63071,21714,1,2,0,0
9,105,0,1,8778,62874,2,0,0,0
38,96,47,1,48038,64038,13,0,0,1
20,171,155,0,5102,64951,5,0,0,0
2,21,4,1,13877,62874,2,2,0,1
7,0,58,1,51543,40370,2,3,0,0
34,247,344,1,5066,47145,8,0,0,0
2,0,110,1,50076,443,3,1,0,0
57,0,246,1,15413,53,15,1,0,0
20,561,165,1,31449,40370,4,1,0,0
19,179,54,1,3599,5000,3,0,0,0
26,336,124,1,40546,14355,3,1,0,0
52,886,22,1,29203,21714,14,4,0,0
12,497,190,0,51757,11929,3,0,0,0
33,452,9,1,35778,29645,9,0,0,0
25,99,626,1,19648,56758,1,1,0,0
9,314,188,0,21374,47145,3,5,0,0
63,203,75,1,27705,80,13,3,1,1
47,547,182,1,25012,34715,9,3,0,0
32,3114,95,1,16494,57420,8,1,1,1
57,382,533,1,25728,11929,16,1,0,0
60,350,456,1,39760,8080,10,0,0,0
36,2363,107,0,30401,20207,11,2,1,1
54,307,184,1,29596,34715,12,5,0,0
35,363,229,1,59219,13278,6,2,0,0
34,251,0,1,8517,3000,10,5,0,0
28,0,249,1,5127,34090,4,3,0,0
41,79,0,1,35868,14355,9,0,1,0
5,193,0,1,55407,51978,2,5,1,0
63,306,284,1,4018,45974,8,0,0,0
61,278,62,1,4768,64951,14,1,0,0
0,3035,118,1,48258,51978,1,0,0,1
52,279,361,1,48315,80,13,0,0,0
4,88,253,0,64162,64038,2,1,0,0
12,3293,19,1,28356,51978,4,0,0,1
40,113,159,1,6618,8080,12,1,0,0
5,421,0,1,41323,11929,1,1,0,0
51,345,30,0,8395,443,20,0,0,0
53,334,445,1,48339,11929,9,0,0,0
21,379,246,1,19052,51978,2,1,0,0
0,0,21,0,62739,34090,1,0,0,0
10,1713,4,0,36936,53,3,3,0,1
28,91,5,1,15014,64038,6,3,1,1
119,254,131,1,47875,64038,24,4,0,1
29,292,74,0,17650,13278,9,3,0,0
9,321,209,2,21493,40370,3,1,0,0
30,344,320,0,41746,20207,4,3,0,0
23,396,0,1,41061,45974,2,0,0,0
45,482,160,1,8154,47145,12,0,1,0
3,0,63,1,7852,34715,3,4,0,0
42,91,54,0,58538,13278,14,1,0,1
23,192,0,1,42636,13278,6,4,0,0
98,44,136,1,48012,40370,17,4,0,0
12,38,32,0,40123,29645,5,5,0,1
30,401,111,1,53688,51978,7,5,0,0
80,192,11,0,47189,57420,18,1,0,0
3,318,95,1,18907,14355,3,0,0,0
83,292,342,1,44083,64038,25,1,0,0
34,84,15,1,19566,40370,8,1,0,1
2,200,93,0,43956,57420,1,2,0,0
10,0,109,1,65388,20207,5,3,0,0
36,279,274,1,62293,55502,12,3,0,0
2,237,219,2,55338,8080,4,1,0,0
26,662,444,1,11474,14355,11,0,0,0
12,0,456,1,21447,40370,5,1,0,0
29,262,172,1,3059,64038,5,0,0,0
1,532,193,1,45255,34090,2,5,0,0
61,45,0,1,41769,64951,10,0,0,0
108,385,213,1,18265,64038,25,0,0,0
104,235,237,1,53999,53,21,0,0,0
41,119,17,1,24178,40370,10,2,0,1
4,2188,39,1,26649,62874,1,2,1,1
